George Washington|Father of the United States
Douglas Adams|Douglas Noël Adams|Douglas Noel Adams
George W. Bush|George Bush|George Walker Bush|Bush, George W.|Bush Jr.|President Bush|Dubya|GWB|Bush 43
Diego Velázquez|Velázquez|Diego Rodríguez de Silva y Velázquez|Diego Rodriguez de Silva y Velázquez|Diego Rodríguez de Silva Velázquez|Diego de Silva Velàzquez|Diego De Velázquez y Silva|Diego Rodríguez de Silva y Velasquier|Diego Velasques|Diego Rodríguez de Silva y Velasquiz|Diego Velásquez|Diego Valesquez|Diego Velasquex|Diego Velázquez y Silva|Diego de Silva Velázquez|Diego de Silva Velazquez|Diego Villasco|Diego de Velázquez y Silva|Diego de Silva Velaskes|Diego Velasque|Diego de Silva y Velasquez|Diego Rodriguez de Silva y Velazquez|Diego Velázquez de Silva|Diego Velasco Spagnolo|Diego Valaquez|Diego Valasquez|Don Diego Velasquez|Diego Belazquez|Diego Velascus|Diego Rodriguez De Silva Y Velazquez|Diego Valasques|Diego Velazquez|Diego de Silva|Diego Velasquez de Silva|Diego Rodríguez de Silva y Velazquez|Diego de Silva y Velázquez|Diego Velasmo|Diego Rodriguez de Silva y Velasquez|Diego Velasco|Diego Velasquez y Silva|Diego Velarques|Diego De Silva|Diego Rodriquez de Silva y Velazquez|Diego Velasquez|Diego De Silva Velaskes|Diego de Velázquez de Silva|Diego Rodríguez de Silva y Belasquez|Diego Rodriguez de Silva y Velásquez|Diego Rodriguez Velásquez
Augusto Pinochet|Augusto José Ramón
Yanka Kupala|Ivan Daminikavich Lutsevich|Janka Kupala
Charles Baudelaire|Baudelaire|Charles Pierre Baudelaire|Charles Pierre Baudelaire- Dufaÿs|Sh. Bodler|Charles Pierre Baudelaire-Dufaÿs|Charles-Pierre Baudelaire|Śārla Bodale$08yāra|Şarl Bodler|Sharl Bodlir|Sharlʹ Bodlėr|Shara Bodler|Būdlīr|Pierre Charles Baudelaire|K. Bōntlair
Ingemar Stenmark|Stenis|Jan Ingemar Stenmark
Rachel Maddow|Rachel Anne Maddow
Nicolaus Copernicus|Mikołaj Kopernik|Nikolaus Kopernikus
Neil Young|Neil Percival Young
Cleopatra|Cleopatra VII Philopator
Andrei Tarkovsky|Andrei Arsenyevich Tarkovsky|Andrej Tarkovskij|Andrei Tarkovski|Andrej Tarkovszkij|And. Arsenʹevich Tarkovskiĭ|Andrey Arsenyevich Tarkovsky|Андрей Арсеньевич Тарковский|Andreĭ Arsenʹevich Tarkovskĭi|Andrei Tarkovskij|Andreĭ Arsenévich Tarkovskiĭ|Andrey Tarkovsky|Andreĭ Arsen'evich Tarkovskiĭ|Andrej Tarkowskij|Андрей Арсеньеви Тарковский|Andreiĭ Arsen'evich Tarkovskiĭ
Plato|Platon|Aplaton|أفلاطون|Po-la-tʻu|Plátōn|Platone|플라톤|Aflāṭūn|אפלטון|Πλάτων|柏拉圖|Bolatu|Platonas
Meryl Streep|Mary Louise Streep
Franz Kafka|Kafka
Jorge Luis Borges|Jorge Luis Borges|Jorge Francisco Isidoro Luis Borges
Bernlef|Hendrik Jan Marsman|J. Bernlef
Roald Amundsen|Roald Engelbregt Gravning Amundsen
Albert Einstein|Einstein
Donald Tusk|Donald Franciszek Tusk
Narendra Modi|Modi|NaMo|Narendrabhai|Narendrabhai Modi|Narendra Damodardas Modi
Bill Clinton|William Jefferson Clinton|William Jefferson Blythe III|William Jefferson Blythe|William J. Clinton|Clinton|William Jefferson "Bill" Clinton
Indira Gandhi|Indira Nehru
Hector Berlioz|Louis Hector Berlioz
Ban Ki-moon|Ban Kimoon|Ban Ki Moon
Kofi Annan|Kofi Atta Annan
Boutros Boutros-Ghali|Ghali
Dag Hammarskjöld|Dag Hjalmar Agne Carl Hammarskjöld
Leonard Cohen|Leonard Norman Cohen|Jikan
Osama bin Laden|Usāmah bin Muḥammad bin ‘Awaḍ bin Lādin|Usama bin Laden
Friedrich Hayek|Friedrich August von Hayek|Friedrich von Hayek|Friedrich A. von Hayek|Friedrich A. Von Hayek|F. A. von Hayek|Friedrich August Von Hayek
Johann Sebastian Bach|J. S. Bach|Bach|JS Bach|J.S. Bach
Virgil|Publius Vergilius Maro|Vergil|P. Vergilîj Maron.|Publius Virgilius Maro|Publiusz Wergiliusz. Maro|Publio Virgilio Maron|Virgilīĭ|Virgilius|Virgilio|Vergiliĭ|Uergilius|Publius Wirgilius Maro|Virgílio|Wergiliusz Maro|Publius Virgilius|Vergilius.|P. Vergilius Maro|Vergilij Maron P.|Verghiliù|Wergiliusz.|Wirgiliusz.|Publiusz. Wirgiliusz Maron|P. Vergilij. Maron|Publiusz. Wergiliusz Maro|Pub.V.M.|Publi Virgili Maroé|Maro|Publiusz Wergiliusz Maro|Publius. Virgilius Maro|Vergil.|Publius Maro Vergilius|P. Virgili Maroé|Publius Wergilius Maro|Vergiélio|P. Vergili Maronis.|P Virgilio Marone|Virgilio Mantoano|Publio Virgilio Marone|Publius Vergilius-Maro|Publius Vergilius Maro.|P. Virgilius Maro|Publio Virgilio Maroén|Publio Virglio Maroén|P. Virgilio Marone|Maron|Publīĭ Vergilīĭ Maron|P. Vergilius Maro.|Publius Vergilius|Wergiliusz|Publius Virgilius Maro.|Vergilius|P.V.M.|Vergilius Maro|P Verhiliĭ Maron|Públio Virgílio Marão|Publius Virgilius Maroos|Vergilio|Publius M. Vergilius|Vergilii|P. Wergiliusz Maron.|P. Virgil Maro|Publio Virgilio Marón|Publius Vergilius. Maro|P. Vergilii Maronis|Publio Virgilio Maro|Virgile|Publij Vergilij Maron.|Publiusz Wergiliusz Maro.|Augusteus Vergilius|Publius V. Maro|P. Vergilīĭ Maron|P. Verhiliĭ Maron|Publius Virgilio Marone|P Vergiliĭ Maron|Vergilīĭ|P. Wergiliusz Maron
Augustus|Octavian|Imperator Gaius Julius Caesar Octavianus Divi Filius Augustus|Caesar Augustus|Gaius Octavius|Gaius Julius Caesar Octavianus|Caesar Octavianus|Gaius Julius Caesar|Octavianus|Gaius Julius Caesar Augustus|Gaius Octavius Thurinus
Otho|Marcus Salvius Otho
Titus|Titus Flavius Vespasianus|empereur romain Titus|Emperor of Rome Titus|Titus Flavius Sabinus Vespasianus|Titus Vespasianus Augustus|Flavius Vespasianus, imperatore romano Titus|Tito Vespasiano|Kaiser Titus Römisches Reich|טיטוס|Flavius Vespasianus, Romeins keizer Titus|Emperor of Rome Titus Flavius Vespasianus
Hadrian|Publius Aelius Hadrianus Buccellanus|Caesar Publius Aelius Traianus Hadrianus Buccellanus Augustus|Publius Aelius Traianus Hadrianus Augustus|Publius Aelius Hadrianus|Emperor of Rome Adrian|Emperor Publius Aelius Hadrianus|empereur romain Hadrien|Emperor Hadrian|Publius Aelius, imperatore romano Hadrianus|Adrian|Caesar Traianus Hadrianus Augustus|Emperor of Rome Hadrian|Hadrianus
Caracalla|Marcus Aurelius Antoninus
Benigno Simeon Cojuangco Aquino III|PNoy|Noynoy Aquino
José Rizal|Pepeng Pinakamakulet|Jose Rizal|José Protasio Rizal Mercado y Alonso Realonda
Manuel Quezon|Manuel Luis Quezón y Molina|Manuel L. Quezon|Manuel Luis Quezon y Molina|Manuel Luis Quezón
Richard Wagner|Wilhelm Richard Wagner
Ramesses I|Ramesses|Ramses|Pa-ra-mes-su|Menpehtyre
Ramesses III|Ramses|Rameses|Usimare Ramesses III
Françoise Sagan|Françoise Quoirez|Francoise Sagan
Abel Mutai|Abel Kiprop Mutai
Erick Barrondo|Erick Bernabé Barrondo García
Robert Grabarz|Robert "Robbie" Karl Grabarz
Gordian III|imperatore romano Gordianus III|Kaiser Gordian III. Römisches Reich|Emperor of Rome Gordianus III|Emperor of Rome Gordian III|Empereur Romain Gordien III|Marcus Antonius Gordianus|Emperor of Rome Gordiano III|Marcus Antonius Gordianus Pius|Gordianus III
Philip the Arab|Philippus Arabs|Philip|Marcus Julius Philippus Arabs
Zinedine Zidane|Zinedine Yazid Zidane
Paul Otlet|Paul Marie Ghislain Otlet
Sidney Govou|Sidney Rodrigue Noukpo Govou
Nicolas Anelka|Nicolas Sebastian Anelka
André-Pierre Gignac|André-Pierre Christian Gignac, Franchute, Montes jr.
Mike Hawthorn|John Michael Hawthorn
Jack Brabham|Sir John Arthur Brabham|Sir Jack Brabham
Bode Miller|Samuel Bode Miller
Subhas Chandra Bose|Netaji|Subhaschandra Bose kayastha
Georges Pompidou|Georges Jean Raymond Pompidou
Coluche|Michel Gérard Joseph Colucci
Emil Sayfutdinov|Emil Damirovich Sayfutdinov
Konrad Adenauer|Konrad Hermann Joseph Adenauer
Benedict XVI|Joseph Aloisius Ratzinger|Pope Benedict XVI|Josef Ratzinger|Benedetto XVI|Pope Emeritus Benedict XVI
Ludwig Erhard|Ludwig Wilhelm Erhard
Helmut Kohl|Helmut Josef Michael Kohl
Richard von Weizsäcker|Richard Karl Freiherr von Weizsäcker
Gustav Heinemann|Gustav Walter Heinemann|Gustav W. Heinemann
Paul von Hindenburg|Paul Ludwig Hans Anton von Beneckendorff und von Hindenburg
Wilhelm II|Wilhelm II, German Emperor|William II|Frederick William Victor Albert of Prussia|Friedrich Wilhelm Viktor Albrecht von Preußen|German Emperor Wilhelm II|Wilhelm II.|Friedrich Wilhelm Emperor William II
Graham Hill|Norman Graham Hill
Elisha E. Meredith|Elisha Meredith|Elisha Edward Meredith
Todd Russell Platts|Todd Platts|Todd R. Platts
Michael Shaw|Lord Shaw of Northstead|Michael Norman Shaw|Baron Shaw of Northstead|Michael Shaw, Baron Shaw of Northstead
Franciszek Karpiński|Franciszek Karpinski
Mohamed Sheikh|Mohammed Iltaf Sheikh|Lord Sheikh|Baron Sheikh|Mohamed Iltaf Sheikh|Mohamed Sheikh, Baron Sheikh
Quentin Tarantino|Quentin Jerome Tarantino
Jeffrey Garcia|Jeff Garcia
Jacqueline Cochran|Jacqueline "Jackie" Cochran
Ramesses IX|Ramses IX|Amon-her-khepshef Khaemwaset
Paul von Rennenkampf|Pavel Rennenkampf|Paul Rennenkampf|Pavel Karlovich Rennenkampf
Tara Strong|Tara Lynn Charendoff Strong|Tara Charendoff Strong|Tara Charendoff|Tara Lynn Strong|Tara Charendoff-Strong
Tony Barbieri|Anthony Barbieri|Jake Byrd
CeeLo Green|Cee Lo Green|Cee-Lo Green|Thomas Callaway|Ce Lo|Cee-Lo|Cee-Lo Green... Is Everybody's Brother|Thomas DeCarlo Callaway|Celo Green|Cielo Green
Woody Guthrie|Woodrow Wilson Guthrie|Woodrow Wilson "Woody" Guthrie
Louis Aragon|Louis Andrieux|Albert de Routisie
George Bournoutian|George A. Bournoutian
Michel Platini|Michel François Platini
Tom DeLonge|Thomas Matthew DeLonge|Thomas DeLonge|Ava DeLonge|Tom delong|Tom Matthew DeLonge|Boomer|Jonas DeLonge|Big Oily Men|Tom Delonge Signature Guitar|Thomas Matthew Delonge Jr.
Jon Abrahams|Jonny Abrahams|Johnny Abrahams|Jon Avery Abrahams
Alain de Lille|Alanus ab Insulis
Theopompus|Theopompus of Chios
Andreas Capellanus|Andrea Cappellano|André le Chapelain
Emily Dickinson|Emily Elizabeth Dickinson|Emily Dickenson|אמילי דיקינסון|Ai-mi-li Ti-chin-sen|Emilia Dickinson|Ėmili Dikinson
Thomas of Metsoph|Tovma Metsobetsi
Federico Gamboa|Federico Gamboa Iglesias
Stefanie Heinzmann|Stefanie Fabienne Heinzmann
Anna Faris|Ana faris|Anna Farris|Anna Kay Faris
Mitt Romney|Willard Mitt Romney
Jonathan Winters|Jonathan Harshman Winters III
Mary Stewart|Princess Mary Stewart of Scotland
Claude Debussy|Claud Debussy|Debussy|Claude Achille Debussy|Achille Claude Debussy|C. Debussy|Claude-Achille Debussy|Achille-Claude|Achille-Claude Debussy
Charles II de Croÿ|Charles II de Croy|Charles I
Júnior César Moreira da Cunha|Junior Cesar Moreira da Cunha|Junior Cesar Moreira Da Cunha
Roy Budd|Roy Frederick Budd
Karl Bryullov|Karl Briullov|Carlo Brulleau|Carlo Brullo|K. P. Bryullóv|Briullov|Karl Brülloff|Karl Brulloff|Karl Pavlovich Brulloff|Karl Brullo|K. P. Bryullov|Karl Bruloff|Karl Bryulov|Karl Briulov|Karl Pavlovich Bryullov|Karl Bruelloff|Karl Pavlovitch Bryulov|Karl Pavlovich Briulov|Karl Brullov|Karl Pavlovich Bri︠u︡llov|Karl Pavlovich Briullov|Карл Павлович Брюллов|Charles Bruleau|Karl Pavlovič Briullov|Karl Pawloitsch Brüloff|Karl Pawlowitsch Brülow|Karl Pawlowitsch Brüloff|Karl Pavlovic Briullov|Carl Pavlovitch Brulov|K. P. Bri︠u︡llov|Karel Brjullov
Anthony Sweijs|Sweijs|Anthony Ahasuerus Hendrik Sweijs
Greg Merson|Gregory Merson
William Hamilton|William Douglas Duke of Hamilton|William Douglas-Hamilton|William Douglas|Lord William Douglas|William Hamilton, Duke of Hamilton
Jason Lee|Coach Frank|Pilot Inspektor
Herman Melville|Hermann Melville|Herman Melvill|Herman Melville
James Meredith|James Howard Meredith|James H. Meredith
Eugen Polanski|Bogusław Eugeniusz Polański
Walter of Châtillon|Gualterus de Castellione|Gualterus de Insula|Walterus ab Insulis|Gualterus de Castiglione|Galterus de Castellione
François-Édouard Picot|François-Edouard Picot|Francois Eduard Picot|François Eduard Picot|François Edouard Picot|Francois Edouard Picot
Maria de Ventadorn|Maria de Ventedorn
David Bowie|David Robert Jones|Ziggy Stardust|David Jones|Bowie
Bartolomeo Coghetto|Medoro Coghetti|Medoro Coghetto
Andrea del Sarto|Andreas Angeli Francisci|Andrea Delserto|Andrea del Sardi|Andrea d'Agnolo del Sarto|Andre de Sartre|Andr. del Sarto|Andrea d'Agnolo|Andrea del Sarto Fiorentino|Andrea de Sarto|Andrea del Sarti|Andrea del Sarte|Andrew del Sarto|Andrea DelSarto|André del Sarto|Andrea D'Agnolo|André del Sarte|Andrea Sarto|Andrea Vannucci|Andrea Del Sarto|Andrea del Sartto|Andrea d'Agnolo di Francesco|Andres del Sartto|Andrea di Sarto|Andrea Delsarto|Andrea del Salto|Andria del Sarto|Andrea d'Angiolo|Andrea Vannucchi|Andrea, del Sarto d'Agnolo|Andrea d' Agnolo
Albrecht Dürer|Dürer|Albertus‏ Durerus|Albreht‏ Direr|Alberto‏ Dürer|Alberto Dureroe|Albert Duur|Albert‏ Dürer|Albrecht Türer|Albrehts‏ Dīrers|Albrecht Duerer|Alber Dure|Albert Duer|Alberto Duro Tedesco|Alberdure|Albrecht Dyûrâ|Alberto Duredo|Albertus‏ Durer|阿尔布雷希特·丢勒|Albrekht Diurer|Alberto Duri|アルブレヒト デューラー|Alberto‏ Dürero|Alverto Dureño|Alberduer|Albrecht‏ Djurer|Alberto Dura|Albert Dure|Dure Albert|Albert Dur|Albert Durer|Alberto di Dura|Albrecht Durer|Alberto Durero|Alberto Duro
Vincent van Gogh|Van Gogh|Vincent Willem van Gogh|Fan-kao|Vincent-Willem van Gogh|Vint︠s︡ent Van-Gog|Wensheng Fangu|Fan-ku|Vincent Van Gogh|וינסנט ואן גוך|Fan'gao|梵高|Fangu|ビンセントゴッホ|ゴッホ
Katsushika Hokusai|Hokusai|葛飾北齊|葛飾北斉|葛飾北斎|Kakō|Iichi|Kyōrian Bainen|Hokusai Katsushika|Sōri Tawaraya|葛饰北斋|Shunrō Katsukawa|Shunrō|Khokusaĭ|Gakyō Rōjin Manji|葛節北斎|Taito Katsushika|der vom Zeichnen besessen ist Der Mensch|Hachiemon Miuraya|Khokusaĭ Kat︠s︡usik|Tokitarō|Der vom Malen Besessene|近藤市太郎|時太郎|葛飾 北斎|הוקוסאי|Taito|葛飾北齋|Raishin|Gwakyōjin|Manji Rōjin|Sōri Hishikawa|Tokimasa|葛飾北濟|葛触北斎|הוקוסי קאטסושיקה|Tokitarō Kakō|Iitsu Katsushika|萬飾北齊|Sōri|Hokusai Tokimasa|Zenhokusai|Tatsumasa|Manji|Gakyōjin|Pei-chai Ko-shih|北斎|Iitsu|Shunro|Sori|葛飾戴斗|Katsushika Taito
Pinturicchio|Bernardino di Betto|Bernardino Pintoricchio|Bernardino Di Betto-Benedetto di Biagio|Bernardino di Betto Pintoricchio|Penturicchio|Bernardino di Betto Pinturicchio|Bernardino di Betto-Benedetto di Biagio Pinturicchio|Bernardino Betti|Bernardino di Betto-Benedetto di Biagio Pintoricchio|Bernardino Di Betto-Benedetto Di Biagio Pintoricchio|Pintoricchio|Bernardino Pinturicchio|Bernardo Biagio|Bernardino Betti Pinturicchio|Bernardino Betti Pintoricchio|Bernardino Di Betto-Benedetto Di Biagio Pinturicchio
Antonello da Messina|Antonello di Giovanni di Antonio|Antonello degli Antoni|An. Da Messina|Antonellus Massaneus|da Messina Antonio|Antonello di Giovanni degli Antonii|Antonello d' Antonio|Antonio da Messina|da Messina Antonello|Antonella di Messina|Antonello Da Messina
Fra Angelico|Guido di Pietro|Fra Giovanni da Fiesole|Fra Giovanni Angelico|Beato Angelico|Giovanni da Fiesole|Fra Beato Angelico|Guido di Piero da Mugello|Fra Giovanni Angelico da Fiesole|Fra Giovanni Da Fiesole Angelico|Fra Giovanni, da Fiesole Angelico|da Fiesole Giovanni|Guido di Piero da Mugello Angelico|Fra Giovanni da Fiesole Angelico|Giovanni Da Fiesole|di Piero Guido|Guido da Vicchio|Guido di Piero|fra Angelico|Giovanni Angelico|Beato Angelico da Fiesole
Abu Nuwas|Abū Nuwās al-Ḥasan ibn Hānī al-Ḥakamī|Abū Nuwās
Hans Christian Andersen|H.C. Andersen|Author of The improvisatore
Matsuo Bashō|Matsuo Basho|Bashō|Bashô|Basho
Philippe Pétain|Henri Philippe Benoni Omer Joseph Pétain|Marshal Pétain
Pierre-Joseph Proudhon|פ. זש פרודאָן|P.-J. Proudhon|פ. זש פרודאם|Pierre Joseph Proudhon|Purūdon|Pʻu-lu-tung|Pʹer Zhozef Prudon
Masaccio|Tommaso di Ser Giovanni di Simone|Mazachcho|Mazzacio|Tommaso di Ser Giovanni di Mone Cassai|Massacio|Tommaso Di Giovanni Di Simone Guidi Masaccio|Tommaso di ser Giovanni di Mone Guidi|Tommaso Guidi Masaccio|Mesaccio|Tommaso di Giovanni di Simone Guidi|Massaccio|Tommaso Guidi|Tommaso Guido|Tommaso di Ser Giovanni di Mone
Mao Zedong|Mao Tse-tung|Chairman Mao|Chairman Mao Zedong|毛泽东|Mao Ze Dong|Maozedong
Mariya Savinova|Mariya Sergeyevna Savinova
Chuck Berry|Charles Edward Anderson Berry|Charles Edward Anderson "Chuck" Berry
Yuliya Zaripova|Yuliya Mikhailovna Zaripova|Yuliya Mikhailovna Zarudeva|Yulia Zarudneva|Yulia Zaripova
Tatyana Chernova|Tatyana Sergeyevna Chernova
Tupac Shakur|2Pac|Makaveli|Tupac Amaru Shakur|Tupac|Pac
Joe Biden|Joseph Robinette Biden, Jr.|Joseph Biden|Joseph Robinette "Joe" Biden, Jr.|Joseph Robinette Biden
Caterine Ibargüen|Caterine Ibargüen Mena
Yevgeniya Kolodko|Yevgeniya Nikolayevna Kolodko
Søren Kierkegaard|Soren Kierkegaard|Kierkegaard|Søren Aabye Kierkegaard|Victor Eremita|Climacus|Anti-Climacus
Mervyn Peake|Mervyn Laurence Peake|Mervyn L. Peake
Jean-Jacques Rousseau|J. J. Rousseau|Rousseau|Jean Jaques Rousseau|Jean Jeacques Rousseau|John James Rousseau|Johann Jacob Rousseau|Citizen of Geneva
Günter Grass|Günter Wilhelm Grass|Guenter Grass
Gustave Doré|Paul Gustave Doré|Gustav Dorė|Louis Christophe Paul Gustave Dore|Louis Christophe Paul Gustave Doré|Paul-Gustave Dore|Gustave Dore|גוסטאב דורה|Goustauos Dore|Gustavo Doré|Louis Christophe Gustave Dore|ג. דורה|Gi︠u︡stav Dore|ג. דארע|Густав Дорэ|Doré|Gustav von Dore|גוסטב דורה|Louis Auguste Gustave Doré|Paul Gustave Dore|דוגטאוו דארע|גוסטאוו דארע|G. Dore|Гюстав Доре|Gustave-Paul Doré|Gustav Dore|Paul Gustave Louis Christophe Doré|Gusṭav Doreh|Paul Gustave Louis Christophe Dore
Luca Signorelli|Lucas Cortonensis|Luca d'Egidio di maestro Ventura de' Signorelli
Baron d'Holbach|Paul-Henri Thiry, Baron d'Holbach|Paul-Henri Thiry, baron d'Holbach
Marie Curie|Maria Salomea Skłodowska
Simone de Beauvoir|Simone-Lucie-Ernestine-Marie Bertrand de Beauvoir|Simone De Beauvoir|Castor|Ximengna de Bofuwa|Simona de Bovuar|Hsi-meng Po-wa|Ximengna De Bofuwa|Shimōnu do Bōvōwāru|Sīmūn Dū Būfwār|S. de Beauvoir
Ziying|Qin San Shi
Emperor Ai of Han|Liu Xin
Leo Tolstoy|Tolstoi|Tolstoy|Lev Nikolaevich, graf Tolstoĭ|Lev Nikolayevich, Count Tolstoy|Count Lev Tolstoy|Leo, graf Tolstoy|Lev, Count Tolstoy|Lev, graf Tolsztoj|Лев Николаевич,|c граф Толстой|Lew, graf Tolstoi|לעא טאלסאטי|Lev Nikolaevich Tolstoy
Emperor Gengshi of Han|Prince of Huaiyang|Shenggong|Liu Xuan
Emperor Zhang of Han|Han Zhangdi|Suzong|Xiaozhang
Emperor He of Han|Muzong|Xiaohe
Annette Salmeen|Annette Elizabeth Salmeen
Emperor Chong of Han|Han Chongdi|Xiaochong
Prince of Hongnong|Liu Bian
Giuseppe Verdi|Verdi|Giuseppe Fortunino Francesco Verdi
Jacques Cartier|Jakez Carter
Otto Frank|Otto Heinrich Frank
Margot Frank|Margot Betti Frank
John Coltrane|Trane|John William Coltrane|St. John Will-I-Am Coltrane
Emperor Hui of Jin|Sima Zhong|Zhengdu
Alfred Hitchcock|Alfred Joseph Hitchcock
Emperor Min of Jin|Jin Mindi|Sima Yi|Yanqi
Emperor Yuan of Jin|Jingwen|Sima Rui
Emperor Cheng of Jin|Sima Yan|Xianzong
Emperor Mu of Jin|Sima Dan|Xianzong
Emperor Ai of Jin|Sima Pi|Qianling
Emperor Jianwen of Jin|Sima Yu|Daowan
Andre Agassi|Andre Kirk Agassi
Leslie Barnett|Margaret Leslie Collard
Emma P. Carr|Emma Perry Carr
Emperor Chongzong of Western Xia|Li Qianshun|Shèngwéndì
Emperor Renzong of Western Xia|Li Renxiao
Emperor Shenzong of Western Xia|Li Zunxu
Emperor Shenzong of Song|Zhao Zhongzhen
Dorothy Hodgkin|Dorothy Mary Hodgkin|Dorothy Mary Crowfoot|Dorothy Crowfoot|Dorothy Crowfoot Hodgkin
Emperor Duanzong of Song|Zhao Shi
Kathleen Lonsdale|Kathleen Yardley
Tolui|Toluy|Tului|Tolui Khan|Yuán Ruìzōn
Ögedei Khan|Ogedei|Yuán Tàizōng
Möngke Khan|Möngke|Yuán Xiànzōng
Deborah Estrin|Deborah Lynn Estrin
Judith Estrin|Judith L. Estrin|Judy Estrin
Elizabeth J. Feinler|Elizabeth Jocelyn Feinler|Elizabeth Jake Feinler
Ingmar Bergman|Ernst Ingmar Bergman
Ambrogio Bergognone|Borgognone|Bergognone|Ambrogio da Fossano Bergognone|Ambrogio di Stefano Bergognone da Fossano|Ambrogio Borgognone|Ambrogio di Stefano|Ambrogio da Fossano|Ambrogio Brecognono|Il Bergognone|Ambrogio di Stefano da Fossano|Ambrosius|Ambrogio Stefani da Fossano Bergognone|Ambrogio di Fossano|Ambrogio Stefani da Fossano Borgognone|Ambrogio da Fossano Borgognone|Ambrogio|Ambrosius Bergognone|Ambrogio da Fosano Bergognone|Ambrogio Stefani da Fossano, Il Bergognone
Bronzino|Agnolo di Cosimo|Angelo Bronzino|Agnolo Bronzino|Angelo Allori|Agnolo Tori di Cosimo di Mariano Bronzino|Angiolo Bronzino|Agnolo Di Cosimo|Agnolo di Cosimo Bronzino|Agniolo di Cosimo di Mariano Tori Bronzino|Angiolo Allori|Agniolo Bronzino|Agnolo Bronzino Vecchio|Angelo Bronzino Fiorentino|Agnolo Bronsino|Angelo di Cosimo di Mariano Bronzino|Agniolo Di Cosimo di Mariano Tori|Angelo Di Cosimo Di Mariano Bronzino|Agnolo Bronzini|Agnolo di Cosimo Allori Bronzino|Bronzino Fiorentino
Ivan the Terrible|Ivan IV Vasilyevich
Winston Churchill|Sir Winston Churchill|Winston Leonard Spencer Churchill|The Honourable Sir Winston Spencer Churchill|Colonel Warden|Sir Winston Leonard Spencer Churchill|Winston Spencer Churchill|Winston, Sir Churchill|Sir Leonard Spencer|Winston Leonard Spencer, Sir Churchill
Jules Hardouin Mansart|J. H.- Mansart|Jules Hardouin-Mansart|Jules-Hardouin Mansart|Jules Hardouin|J. H.-Mansard|Jacques Hardouin Mansart|Jules Hardouin Mansard
Louis Antoine de Pardaillan de Gondrin|Louis Antoine Pardaillan De Gondrin
Uta Frith|U Frith|U. Frith
Dean Ho|Dean Higuchi
John I of France|the Posthumous|John the Posthumous|Jean Ier le Posthume
Constantine the Great|Constantine I|Saint Constantine|Gaius Flavius Valerius Aurelius Constantinus|Flavius Valerius Aurelius Constantinus Augustus|Constantinus I
Giorgione|Giorgioni di Castelfranco|Georgoni|Gorgone|Giorgoni|Giorgone|Zorzo da Castelfranco|Giorgion di Castelfranco|Georges Giorgion|Giorgioni|Dzhordzhone|Cavaglier Georgione|Zorzo|Georgeonia|Giorgione di Castel Franco|Zorzi|Giogone|Gorgione|Giorgio da Castelfranco|Georgini|Jorge del Castel Franco|Giorgio Barbarelli, known as Giorgione|Giorgione del Castel-franco|Gorgione del Castel-franco|Giorgio Barbarelli|Giorgione da Castelfranco|Zorzi da Castelfranco|Gorgioni|Georgone|Jorjion de Castelfranco|Giorgio|Giorgio Barbarelli Giorgione|Georgeon|Giorgione di Castelfranco|Georgioni|Zorzon|Giorgion|Georgione
Peter the Great|Peter I|Pyotr Alexeyevich Romanov|Pissed off Peter
Lorenzo di Credi|Lorenzo Sciarpelloni|Lorenzo Barducci|Lorenzo d'Andrea d'Oderigo|Lorenzo da Crede|Lorenzo Di Credi|Lorenzo Credi|Lorenzo D'Andrea D'Oderigo
Bernardino Luini|Bernardino Lovini|Bernardino Luinez|Bernardino del Lupino|Lovino Milanese|Bernardino Ovino|Bernardino Lovinno|Bernardino Lavino|Bernardino Luyni|Luino Milanese|Bernard Lovino|Bernardino Lovino|Bernardino Luino|Bernardino Leuni|Bernard Louino|Belard. o Luino
Yesün Temür Khan|Jinzong|Taiding Di|Emperor Taiding of Yuan
Ragibagh Khan|Arigabag|Emperor Tianshun of Yuan
Galen|Claudius Galenus
Uskhal Khan Tögüs Temür|Ningxiao Huangdi|Yizong
Jorightu Khan Yesüder|Xingyuan Huangdi|Yes&#252;der
Muḥammad ibn Mūsā al-Khwārizmī|Al-Khwārizmī|Al-Khwarizmi|Abū ʿAbdallāh Muḥammad ibn Mūsā al-Khwārizmī|Abū Jaʿfar Muḥammad ibn Mūsā al-Khwārizmī
Erwin Schrödinger|Erwin Rudolf Josef Alexander Schröndinger
Richard Mateelong|Richard Kipkemboi Mateelong
C. S. Lewis|Clive Staples Lewis
Örüg Temür Khan|Gulichi|Ugechi Khashikha (?)
Molon Khan|Mulan Khan|Molon
Manduul Khan|Manduuluu|Manduyulun|Manduyul
Laozi|Lao Tzu|Lao-tsu|Lao-tze|Lao-tzu
Tümen Jasagtu Khan|Tümen Jasaghtu Khan
Palma Vecchio|Palma il Vecchio|Jacopo Palma|Jacopo Negretti|Jacopo (il Vecchio) Palma|Jacopo D'Antonio Negreti Palma Il Vecchio|Seniore Jacopo Palma|Jacomo de Antonio de Negreto|Jacopo Palma il Vecchio|Iacopo Nigretti|Nigretti Palma Il Vecchio|Jacques Palme|Jacopo il Vecchio Palma|Giacomo Palma il Vecchio|Jacopo Negreti|Palma|Jacopo d'Antonio Negreti|Jacopo d'Antonio Nigreti Palma il Vecchio|Giacomo Palma|Iacopo Negretti|Jacopo d'Antonio Nigretti Palma il Vecchio|Jacopo Palma Vecchio|Jacopo, il vecchio Palma|Iacopo Negreti|Jacopo Palma the Elder|Jacopo, de oude Palme|Iacopo Nigreti|Jacopo d'Antonio Negreti Palma il Vecchio|Iacopo Palma|Nigreti Palma Il Vecchio|Jacopo d'Antonio Negretti|Jacomo de Antonio de Negretti|Jacopo de Antonio Negretti|Jacomo de Antonio de Negreto Palma
Parmigianino|Girolamo Francesco Maria Mazzola|Francesco Mazzola|Parmigiano|Il Parmigianino|Francesco Mazzuoli|Francesco Massola|Mazzuoli Parmigiano|Parmegianino|Francesco Mazzuola|Francesco Mazzoli|Parmeggianino|François Mazzuoli|Palmegianino|Parmeggiano|Parmagiano|Le Parmesan|Girolamo Francesco Maria Mazzola Parmigiano|Francisco Mazzuoli|Il Parmigiano|Parmesan|Francesco Parmigianino|Francesco Mazzolino|Parmigiani|Girolamo Francesca Maria Mazzola|Parmegiano|Parmagianino|Mazzuoli Parmigianino|Girolamo Francesco Maria Mazzuoli|Girolamo Francesco Maria Mazzola Parmigianino
Arnold Palmer|Arnold Daniel Palmer
Paolo Veronese|Paolo Cagliari|Paolo Caliari|Veronese|Paolo Veronese (Paolo Caliari)|Il Veronese|P. Veronese|Paolo Veronees|Paolo Veroneze|Pablo Verones|Pavolo Veronese|Pauolo Veronese|Paolo Cagliari Veronese|Pablo Beronès|Paolo Cagliari, known as Veronese|Paulo Veronese|Paolo Varonese|Paolo da Verona|Paolo Caliari Veronese|Paolo di Gabriele|Paolo Véronèse|Paulo Veronees|Paolo Veronesi|Paolo Veronse|Paul Veronese|Paolo Verones|Paolo Veronese Paolo di Gabriele Caliari
Abid Surti|Aabid Surti
Muhammad|Abu al-Qasim Muhammad ibn 'Abd Allah ibn 'Abd al-Muttalib ibn Hashim|Prophet Muhammad|Seal of the Prophets|The Prophet|The Messenger|Muhammed ibn Abdullah|Mohammad|Muhammed|The last prophet|Abu'l-Qasim|Mohammed
A. P. J. Abdul Kalam|Abdul Kalam|Avul Pakir Jainulabdeen Abdul Kalam
Shah Rukh Khan|SRK|The King of Bollywood|King Khan|Shahrukh Khan|Face of the King
Salman Khan|Abdul Rashid Salim Salman Khan
Katrina Kaif|Katrina Turquotte
Martin Luther|Luther|Lutʻŏ|Martinos Luter|Marczin Luther|Martti Luther|Martin Lutr|Marcin Luter|Mātīn Lūtœ|Martí Luther|路德马丁|Mārtiņš Luters|Martín Lutero|Márton Luther|Marṭin Luter|D. M. L. A.|Luttar Cāstiriyār|לותר|Martinus Luther|מארטין לוטהער|Maarten Luther
Harivansh Rai Bachchan|Harivansh Rai Shrivastav|Bachchan
Richard Nixon|Richard Milhous Nixon|Nixon
Elizabeth II|Queen Elizabeth II|Queen Elizabeth|Elizabeth Alexandra Mary|Queen Elizabeth II of the United Kingdom|Elizabeth Windsor|Elizabeth Alexandra Mary Windsor|HM Queen Elizabeth II|Princess Elizabeth, Duchess of Edinburgh|Elizabeth Mountbatten-Windsor|Elizabeth the second|ER II|E.R. II|Elizabeth Windsor-Mountbatten|Queen of Great Britain Elisabetta|Queen of United Kingdom Elizabeth II|Queen of Great Britain Elizabeth|Queen of Great Britain Elizabeth II
Emperor Zhongzong of Tang|Lǐ Xiǎn|Li Zhe|Wu Xian
Emperor Ruizong of Tang|Lǐ Dàn|Li Xulun|Li Lun|Wu Lun|Wu Dan
Wu Zetian|Empress Consort Wu|Empress Wu|Wu Zhao
Emperor Daizong of Tang|Li Yu|Li Chu
Emperor Shunzong of Tang|Li Song|Emperor Zhide|Dasheng Da'an Xiao
Emperor Xianzong of Tang|Li Chun
Emperor Muzong of Tang|Li Heng|Li You
Yongle Emperor|Zhu Di|Qitian Hongdao Gaoming Zhaoyun Shengwu Shengong Chunren Zhixiao Wen|Emperor Chengzu of Ming|Yonglo Emperor|Yung-lo Emperor
Hongxi Emperor|Emperor Jingtian Tidao Chuncheng Zhide Hongwen Qinwu Zhangsheng Daxiao Zhao|Zhao Di|Renzong|Zhu Gaochi|Zhu Gaozhi
Xuande Emperor|Zhu Zhanji|Zhangdi|Xuanzong|Xuande|Hsüan-te, Emperor of China|Emperor Xuande of Ming|Emperor Xuanzong of Ming
Zhengtong Emperor|Zhu Qizhen|Tianshun Emperor
Hongzhi Emperor|Zhu Youcheng
Zhengde Emperor|Zhu Houzhao
Taichang Emperor|Zhu Changluo
Jacob Appelbaum|Jake Appelbaum
Maria Höfl-Riesch|Maria Riesch
Edith Hannam|Edith Margaret Hannam|Edith Boucher
Catherine, Duchess of Cambridge|Catherine Middleton|Kate Middleton|Catherine Elizabeth|Catherine Elizabeth Middleton
Alain Prost|Alain Marie Pascal Prost
Tom Cleverley|Thomas William Cleverley
Alan Stivell|Alan Cochevelou
John Eustace|John Mark Eustace
Steve Leo Beleck|Steve Beleck|Steve Leo Beleck A'Beka
Mick Foley|Mankind|Cactus Jack|Dude Love
Jonathan Bond|Jonathan Henry Bond
Tommie Hoban|Tommy Hoban|Tom Hoban|Thomas Hoban
Kelly Cates|Kelly Dalglish
Leo von Caprivi|Georg Leo Graf von Caprivi de Caprera de Montecuccoli|Georg Leo von Caprivi
Muḥammad ibn Jābir al-Ḥarrānī al-Battānī|Al-Batani|Albategnius|Al-Battani
Stephen Breyer|Stephen Gerald Breyer
Anthony Kennedy|Anthony McLeod Kennedy
Fulgencio Batista|Fulgencio Batista y Zaldivar
Louis King|Lewis King|L.H. King
Sue Black|Susan Elizabeth Black
Annie Easley|Annie J. Easley
Stan Coveleski|Stanley Anthony Coveleski|Stanley Coveleski
Jon Huntsman, Jr.|Jon Meade Huntsman, Jr.
Anne Hutchinson|Anne Marbury
Ashawna Hailey|Shawn Hailey
Steffi Graf|Stefanie Maria Graf
David Paterson|David Alexander Paterson
Lindsay Davenport|Lindsay Ann Davenport
Maria Klawe|Maria M. Klawe
Martin Van Buren|Maarten van Buren
João d'Espinha|Gao Shensi
Silvio Berlusconi|Il Cavaliere
James K. Polk|James Knox Polk|James Polk
Kevin Costner|Kevin Michael Costner
Assis Chateaubriand|Francisco de Assis Chateaubriand Bandeira de Melo
Dave Grohl|David Eric Grohl
Antonio Arias Bernal|El Brigadier
Austregésilo de Athayde|Belarmino Maria Austregésilo Augusto de Athayde
Jorge Délano Frederick|Coke
Sergio Bonelli|Guido Nolitta
James Buchanan|James Buchanan, Jr.
Inna|Elena Alexandra Apostoleanu
Damià Campeny i Estrany|Damián Campeny|Damia Campeny|Damián Buenaventura Campeny y Estrada|Damián Buenaventura Campeny Estrany|Damián Buenaventura Campeny y Estrany|Damián Campeny y Estrany|Damià Campeny|Damià Campeny Estrany
Julio Baghy|Baghy Gyula|Gyula Baghy|Jobo|Paĉjo
Beth Ditto|Mary Beth Patterson
Ferdinand II of Aragon|Ferdinand the Catholic
Simon the Zealot|Simon the Apostle
Michel Duc-Goninaz|Michel Duc Goninaz
Georges Lagrange|Serĝo Elgo
Leopold III|King Leopold III
Albert I|King Albert I
Lidia Zamenhof|Lidja Zamenhof
Tivadar Soros|Teodoro Schwartz|Teo Melas
Georgy V. Zaborsky|Georgy Vladimirovich Zaborsky|Georgy Zaborsky
Henryk Julian Gay|Henry Yulievich Guy
Iosif Langbard|Josef Langbard|Iosif Grigor’evich Langbard|Iosif Grigor'yevich Langbard
Merikukka Forsius|Merikukka Forsius-Harkimo
Alberto Bayo|Alberto Bayo y Giroud
Ursula Martin|Ursula Hilda Mary Martin
Tony Romo|Antonio "Tony" Ramiro Romo
Moby|Richard Melville Hall|Voodoo Child|Barracuda|Brainstorm|Schaumgummi|Pippy Baliunas|UHF
Spencer Fullerton Baird|Spencer Baird
Wanda Orlikowski|Wanda Janina Orlikowski
William Herschel|Frederick William Herschel
Phoebe Cates Kline|Phoebe Cates
Tracy Morgan|Tracy Jamal Morgan
Mika Kojonkoski|Mika Veli Juhani Kojonkoski
Donald Tsang|Tsang Yam-kuen
Tung Chee Hwa|CH Tung
Louis C.K.|Louis CK|Louis Székely
José Batlle y Ordóñez|Jose Batlle y Ordonez
Paul I of Russia|Emperor of Russia Paul I|Pavel I|Pavel Pervyĭ|Emperor of Russia Pavel Petrovich|Paul the First of Russia|Emperor of Russia Pavel I|Emperor of Russia Paul Petrovitch
Robert Elias Fries|R.E.Fr.
William Jack|Jack
Lil Wayne|Dwayne Michael Carter, Jr.
Duccio di Buoninsegna|Duccio di Buoninsigna|Duccio|Duccio de Buoninsegna|di Buoninsegna Duccio|Duccio Di Buoninsegna|Ducio|Duccio di Boninsegna
Berlinghiero Berlinghieri|Berlinghiero|Milanese
Daniel Passarella|Daniel Alberto Passarella
Jože Javoršek|Jože Brejc
Kanye West|Kanye|Kanye diaz llaneza|Kanye Omari West
Émile Durkheim|Emile Durkheim
Montesquieu|Charles-Louis de Secondat, baron de La Brède et de Montesquieu|Charles-Louis de Secondat|Baron de Montesquieu
Maurice Gourdault-Montagne|Maurice Gourdault-Montange CMG, CVO
Mario Benedetti|Brenno Benedetti Farrugia
Virchand Gandhi|VR Gandhi|Virachand Raghavji Gandhi
Charles K. Kao|Charles Kao
Bruce Lee|Lee Jun-fan|Li Xiaolong
Clive Sarstedt|Clive Robin Sarstedt|Wes Sands|Clive Sands
Jiang Zemin|Jiang Ze Min|Jiangzemin
Andy Lau|Liu Dehua|Lau Tak Wah|Andy Lau Tak-wah
Horacio Quiroga|Horacio Silvestre Quiroga Forteza