Beryll|+Beryll
Instore plc|Instore
01 Communique|01 Communique Laboratory Inc.
07th Expansion|Trianthology
Obafuro|0verflow
Free411|Jingle Networks
1800Flowers.com|1800 flowers
1-800-GOT-JUNK%3F|1 800 got junk
1-800 Contacts|1800contacts
1-UP Studio|Brownie Brown
1000Bulbs|1000Bulbs.com
108 Shop|108shop
11 bit studios|Anomaly Korea
121Systems|121 Systems
123RF.com|123RF
123 Money|123.ie insurance
12 Yard Productions|12 Yard
12 bis|12bis
13CABS|taxicars.com.au
13cm|130cm
17-Bit Games|17-BIT
Dial-A-Mattress|Dial-a-Mattress
I-CD|192.com
19 Entertainment Ltd.|19 Entertainment
The Truth About 9th Company|1C Company
1-E|1e
1 Malaysia Development Bhd|1Malaysia Development Berhad
1Malaysia People's Housing Programme|Perumahan Rakyat 1MalaysiaBerhad
1QBit|1QB Information Technologies
1st Constitution Bank|1st Constitution Bancorp
1st Source Bank|First Source Bank
First Voice International|1worldspace
2.13.61|2 13 61
Trainwreck Studios|Tom Kudirka
Twentieth Century Fox|Twentieth Century Fox UK
FOX Home Video|FoxVideo
20th Century Fox TV|20th Century-Fox Television
Twentieth Television|Twentieth Television, Inc.
21st Century Pictures Corporation|21st Century Film
Twenty-First Century Fox, Inc.|Twenty-First Century Fox, Inc
21st century Insurance|21st Century Premier Insurance Company
21st Century Media|Journal Register Company
22Cans|22cans
The Glenview Lantern|Tinley junction
23 and me|23andme
[24]7 Inc.|247 Customer
247 Realmedia|7 Real Media
24SevenOffice.com|24SevenOffice
24 hour fitness|24 Hour Fitness USA
2929 Entertainment|2929 Productions
2GO Travel|2GO
2GO Group|2GO Group Inc.
LS3D engine|Illusion Softworks
2k games|2K Games
Global Star Software|2K Play
2K Sports|2k Sports
RTENL|RTE Networks Limited
2Spot Communications|2Spot
2tor|2tor, Inc.
2Wire MediaPortal|2Wire
2X Mobile Device Management|2X Mobile Device management
2entertain|2 Entertain
2Degrees|NZ Communications
AMW Cuyuna Engine Company|Two Stroke International
32Red|32red
Halo: Waypoint|343 Industries
361 Degrees|361 degrees
38 Studios|Green Monster Games
CommWorks|Comm Works
3D Entertainment Distribution|3D Entertainment
3DRealms|3DRealm
3D Systems Inc|Cubify
SpaceNavigator|Space navigator
3Dlabs|3D Labs
3Dponics Inc.|3Dponics Inc
3G Studios, Inc.|3G Studios
3h biomedical|3H Biomedical
Peltor|3M Corporation
3pd|3PD, Inc.
Wytwornia i Naprawa Konstrukcji Lekkich|Wytwornia i Naprawa Konstrukcji Lekkich - A. Kurbiel
Amoi 8512|Three Skypephone Series
3ality Technica|3ality
3DFX|3Dfx Voodoo
3dvia composer|3DVIA
ICFC|3i Investments plc
3i Infotech|3i Infotech Limited
40 Acres and a Mule Filmworks|40 Acres & A Mule Filmworks
Dr. Robert Lewin|1-800-411-PAIN
4orty 2wo|4orty 2wo Entertainment
430 West|430 West Records
44 Blue|44 Blue Productions
454 Life Sciences|454 life sciences
4frnt|4FRNT Skies
4frontiers Corporation|4Frontiers Corporation
4J Studios|4J Games
4Kids Productions|4K Media Inc
4Licensing|4kidsent.com
4 you airline|4YOU Airlines
4 Digital Group|E4 Radio
4i2i|4i2i Communications
